Product_478,Electronics,279.16,2778,1588
Product_24,Sports,186.35,2772,1564
Product_304,Electronics,320.53,2759,2275
Product_699,Clothing,81.41,2741,908
Product_905,Sports,213.61,2739,2228
Product_372,Home & Kitchen,14.02,2736,1366
Product_502,Books,270.37,2735,1761
Product_850,Books,299.72,2713,1866
Product_543,Clothing,118.18,2705,2185
Product_936,Health,139.79,2700,1484
Product_481,Books,316.55,2686,1513
Product_566,Sports,297.01,2642,757
Product_788,Electronics,203.42,2631,1587
Product_655,Sports,218.67,2620,1456
Product_840,Clothing,317.97,2616,1835
Product_196,Books,177.86,2588,1662
Product_493,Sports,142.3,2583,1341
Product_213,Sports,327.72,2569,1133
Product_525,Home & Kitchen,419.97,2562,1015
Product_937,Electronics,14.1,2537,2357
Product_113,Clothing,465.2,2529,2038
Product_831,Electronics,116.18,2518,2456
Product_129,Books,8.44,2495,2037
Product_53,Sports,470.05,2493,323
Product_163,Home & Kitchen,318.6,2489,440
Product_69,Electronics,41.9,2484,1485
Product_20,Home & Kitchen,149.16,2476,825
Product_856,Clothing,99.39,2472,1888
Product_56,Clothing,461.33,2468,911
Product_737,Sports,199.26,2465,1440
Product_460,Sports,63.81,2448,1408
Product_275,Health,258.11,2445,1544
Product_796,Health,436.7,2441,1161
Product_924,Electronics,400.93,2429,2531
Product_391,Books,495.3,2428,1252
Product_271,Books,405.63,2420,1684
Product_761,Health,80.08,2415,1414
Product_630,Sports,129.96,2411,890
Product_694,Clothing,124.99,2407,643
Product_702,Electronics,30.65,2398,1540
Product_12,Health,485.11,2392,622
Product_693,Books,256.27,2392,2090
Product_659,Home & Kitchen,324.73,2383,1239
Product_78,Home & Kitchen,41.65,2375,1119
Product_350,Books,314.8,2373,910
Product_70,Books,493.51,2368,1752
Product_853,Books,108.9,2366,1954
Product_240,Sports,92.67,2365,1722
Product_701,Books,268.63,2357,1420
Product_326,Home & Kitchen,370.26,2352,2162
Product_276,Clothing,253.25,2346,1596
Product_909,Toys,133.41,2340,1491
Product_585,Toys,318.53,2322,1030
Product_501,Toys,350.59,2301,1749
Product_740,Health,191.59,2286,1113
Product_752,Health,470.22,2280,2056
Product_128,Clothing,431.06,2277,788
Product_462,Books,326.36,2275,1016
Product_918,Health,474.48,2275,1586
Product_364,Health,275.08,2272,1163
Product_197,Toys,364.35,2271,2300
Product_629,Clothing,23.16,2266,1473
Product_444,Electronics,188.47,2257,1739
Product_632,Electronics,448.13,2254,1198
Product_729,Health,104.81,2253,805
Product_2,Home & Kitchen,475.6,2248,1363
Product_270,Clothing,150.33,2246,1261
Product_229,Electronics,446.56,2245,2523
Product_306,Books,488.05,2243,2127
Product_54,Home & Kitchen,447.94,2239,1977
Product_886,Electronics,93.38,2235,1685
Product_685,Books,465.04,2231,1292
Product_242,Clothing,477.19,2230,1884
Product_822,Home & Kitchen,7.29,2230,2376
Product_528,Health,140.34,2226,1535
Product_734,Health,263.92,2225,2327
Product_775,Books,399.66,2217,999
Product_63,Health,415.23,2214,1038
Product_80,Electronics,62.36,2207,1302
Product_880,Electronics,114.88,2207,849
Product_397,Health,429.91,2200,1548
Product_698,Sports,292.71,2196,1205
Product_990,Electronics,410.46,2196,1930
Product_257,Home & Kitchen,468.4,2193,926
Product_972,Books,468.73,2193,1633
Product_523,Toys,485.11,2187,1704
Product_564,Electronics,12.2,2185,1583
Product_658,Clothing,184.73,2185,1929
Product_333,Toys,12.12,2181,2054
Product_176,Books,91.31,2177,1619
Product_395,Clothing,173.7,2177,1814
Product_825,Books,271.01,2174,1357
Product_231,Health,398.43,2173,822
Product_689,Sports,385.9,2171,1842
Product_568,Home & Kitchen,221.55,2170,1638
Product_574,Electronics,312.93,2164,1350
Product_735,Sports,182.62,2159,705
Product_476,Toys,496.52,2155,1762
Product_110,Electronics,43.11,2154,1123
Product_388,Toys,92.83,2151,1673
Product_855,Home & Kitchen,106.54,2149,1997
Product_542,Books,305.06,2146,1478
Product_189,Home & Kitchen,267.18,2145,865
Product_943,Sports,327.45,2143,833
Product_247,Books,216.95,2142,2260
Product_461,Toys,63.18,2140,1263
Product_103,Clothing,160.61,2139,1588
Product_423,Health,50.15,2139,1764
Product_441,Health,46.99,2135,1362
Product_810,Books,61.05,2132,2078
Product_225,Toys,136.28,2128,2078
Product_75,Toys,354.89,2127,753
Product_401,Clothing,56.05,2126,1924
Product_705,Clothing,36.37,2126,934
Product_640,Sports,191.76,2121,1895
Product_902,Clothing,18.13,2120,1574
Product_748,Toys,274.06,2117,1864
Product_243,Toys,457.86,2111,2168
Product_291,Sports,20.1,2110,1074
Product_311,Home & Kitchen,222.29,2110,1370
Product_199,Electronics,444.11,2108,1150
Product_417,Toys,150.14,2107,1886
Product_508,Clothing,412.16,2104,518
Product_532,Books,499.86,2103,1018
Product_194,Home & Kitchen,318.39,2094,1119
Product_224,Electronics,187.02,2090,2484
Product_215,Sports,357.53,2088,1946
Product_286,Clothing,22.79,2087,2724
Product_656,Home & Kitchen,68.15,2080,2013
Product_250,Sports,427.24,2075,1507
Product_516,Books,18.05,2070,1506
Product_591,Electronics,73.72,2069,1539
Product_172,Home & Kitchen,13.21,2065,741
Product_821,Books,402.41,2059,2073
Product_192,Electronics,449.12,2056,1865
Product_618,Toys,142.05,2056,1304
Product_266,Clothing,371.68,2055,2103
Product_917,Books,150.76,2055,1730
Product_218,Electronics,374.51,2054,1012
Product_828,Toys,176.74,2051,1795
Product_750,Sports,314,2050,1097
Product_135,Clothing,471.74,2048,843
Product_456,Clothing,248.85,2047,1365
Product_776,Home & Kitchen,79.21,2046,1260
Product_934,Electronics,265.22,2045,1057
Product_301,Sports,30.58,2044,1268
Product_595,Books,448.91,2043,1439
Product_973,Sports,367.62,2043,1020
Product_755,Health,73.94,2040,1568
Product_621,Toys,96.34,2037,1906
Product_112,Electronics,84.8,2036,1473
Product_520,Sports,79.46,2036,1092
Product_451,Toys,389.69,2035,1036
Product_473,Health,26.36,2032,1405
Product_144,Books,153.93,2031,359
Product_604,Home & Kitchen,48.91,2030,1235
Product_683,Electronics,89.59,2029,2510
Product_361,Electronics,197.14,2023,2063
Product_962,Books,303.56,2023,1486
Product_475,Electronics,266.21,2015,1542
Product_927,Home & Kitchen,138,2011,1175
Product_605,Electronics,64.71,2009,1450
Product_40,Home & Kitchen,222.88,2007,1776
Product_552,Health,426.83,2007,1531
Product_299,Home & Kitchen,313.33,2004,2240
Product_324,Electronics,143.57,2004,1630
Product_823,Home & Kitchen,170.08,2003,2111
Product_445,Health,407.34,1995,941
Product_405,Clothing,163.42,1993,1129
Product_127,Toys,409.92,1991,1521
Product_442,Electronics,493.39,1985,736
Product_479,Toys,484.8,1984,2054
Product_36,Home & Kitchen,405.16,1980,1046
Product_602,Toys,142.9,1973,1720
Product_944,Home & Kitchen,415.72,1967,1519
Product_187,Books,409.52,1962,1942
Product_628,Health,375,1960,1358
Product_942,Electronics,279.32,1960,2310
Product_607,Home & Kitchen,107.14,1959,2267
Product_100,Clothing,58.41,1958,1490
Product_539,Sports,228.02,1958,1338
Product_951,Health,302.26,1958,2076
Product_147,Clothing,306.73,1957,622
Product_174,Toys,117.12,1954,2312
Product_490,Electronics,445.68,1951,1956
Product_452,Sports,281.41,1949,758
Product_239,Health,324.51,1944,2150
Product_463,Electronics,374.29,1943,1384
Product_499,Home & Kitchen,487.33,1940,1309
Product_631,Electronics,358.11,1936,1274
Product_861,Clothing,388.89,1936,1651
Product_202,Home & Kitchen,46.65,1935,1348
Product_771,Electronics,59.76,1933,1599
Product_55,Books,300.96,1931,1486
Product_506,Health,85.5,1931,1470
Product_265,Home & Kitchen,439.3,1922,2354
Product_991,Toys,400.71,1921,1443
Product_17,Toys,155.6,1913,1576
Product_396,Home & Kitchen,465.72,1913,2178
Product_766,Electronics,287.1,1913,1859
Product_519,Home & Kitchen,493.7,1909,1533
Product_255,Toys,88.9,1908,1038
Product_227,Toys,486.64,1905,1522
Product_348,Electronics,27.43,1905,1625
Product_455,Books,60.04,1905,1328
Product_488,Sports,144.08,1905,1103
Product_736,Clothing,439.21,1904,1906
Product_425,Clothing,33.49,1902,904
Product_507,Sports,455.91,1901,1364
Product_578,Books,463.66,1901,1802
Product_339,Toys,239.72,1900,1936
Product_583,Books,248.85,1895,1217
Product_245,Sports,12.65,1893,1210
Product_369,Sports,101.92,1891,1559
Product_877,Clothing,359.41,1891,1007
Product_447,Health,493.07,1890,1721
Product_967,Electronics,360.93,1890,1563
Product_835,Sports,251.69,1889,1928
Product_1000,Toys,225.77,1886,1903
Product_42,Books,250.11,1885,1166
Product_547,Clothing,61.21,1885,530
Product_378,Health,16.52,1882,1458
Product_892,Clothing,428.57,1882,840
Product_186,Electronics,331.69,1881,1895
Product_983,Home & Kitchen,57.77,1876,769
Product_64,Health,181.59,1873,2022
Product_169,Books,25.18,1871,2471
Product_254,Toys,161.88,1867,2415
Product_744,Clothing,253.85,1865,1896
Product_220,Clothing,425.37,1861,1964
Product_915,Toys,278.26,1860,1955
Product_344,Clothing,219.76,1859,891
Product_848,Health,498.45,1859,2142
Product_152,Books,123.58,1858,1904
Product_167,Health,163.79,1858,896
Product_338,Sports,353.31,1857,1387
Product_933,Home & Kitchen,492.28,1856,1395
Product_71,Home & Kitchen,387.26,1854,259
Product_758,Electronics,269.06,1853,1592
Product_454,Books,453.65,1847,1432
Product_370,Health,39.33,1846,1652
Product_940,Electronics,290.38,1839,1222
Product_675,Toys,208.15,1837,1803
Product_26,Clothing,393.66,1836,994
Product_394,Health,389.32,1836,909
Product_634,Books,268.4,1836,1041
Product_971,Health,333.52,1835,1631
Product_749,Home & Kitchen,453.7,1826,1451
Product_114,Sports,405.02,1824,1617
Product_938,Sports,457.58,1824,658
Product_597,Health,335.44,1823,1231
Product_154,Books,247.28,1820,862
Product_862,Books,229.38,1820,1336
Product_712,Clothing,299.84,1818,2556
Product_760,Toys,395.36,1818,1687
Product_209,Electronics,7.51,1816,1552
Product_367,Books,480.79,1816,2300
Product_684,Toys,335.98,1816,2459
Product_198,Sports,449.07,1815,1836
Product_222,Sports,286.31,1815,2602
Product_277,Electronics,400.16,1815,1803
Product_419,Electronics,337.9,1810,1801
Product_874,Electronics,207.32,1809,1261
Product_359,Clothing,470.41,1804,1572
Product_863,Clothing,264.57,1804,1851
Product_919,Sports,382.98,1803,1341
Product_695,Electronics,61.84,1802,1764
Product_94,Clothing,282.83,1800,1594
Product_449,Electronics,191.25,1798,1207
Product_515,Health,27.38,1798,673
Product_716,Sports,465.12,1796,1971
Product_325,Toys,477.66,1795,398
Product_757,Health,311.94,1795,1349
Product_747,Toys,195.03,1793,1104
Product_999,Sports,475.37,1791,781
Product_232,Toys,253.81,1790,1597
Product_374,Books,343.09,1790,1362
Product_580,Electronics,132.83,1790,2025
Product_931,Home & Kitchen,73.98,1788,1605
Product_466,Clothing,190.56,1787,1723
Product_244,Electronics,188.23,1786,1602
Product_158,Books,382,1785,1096
Product_183,Toys,462.72,1784,1366
Product_438,Health,411.82,1784,1941
Product_331,Clothing,181.21,1783,2017
Product_310,Health,139.06,1780,918
Product_739,Books,222.37,1778,1648
Product_171,Electronics,340.39,1776,1217
Product_371,Toys,54.89,1776,1666
Product_178,Health,196.43,1775,1120
Product_963,Sports,126.45,1775,1072
Product_772,Toys,423.99,1772,1455
Product_817,Home & Kitchen,297.68,1771,1917
Product_32,Clothing,89.41,1769,1195
Product_560,Electronics,312.05,1768,1286
Product_992,Home & Kitchen,348.87,1766,945
Product_121,Toys,404.68,1764,1782
Product_986,Sports,250.27,1764,1482
Product_414,Toys,288.85,1762,1052
Product_27,Electronics,103.84,1761,1476
Product_946,Toys,10.44,1761,1829
Product_180,Sports,73.07,1760,2050
Product_812,Clothing,420.25,1760,1264
Product_576,Sports,475.01,1759,1330
Product_713,Health,238.43,1759,1169
Product_327,Books,279.41,1758,1863
Product_487,Electronics,27.5,1758,1801
Product_205,Home & Kitchen,305.18,1757,1678
Product_540,Toys,68.93,1756,1898
Product_926,Books,16.12,1755,1556
Product_651,Home & Kitchen,48.03,1754,1370
Product_833,Toys,74.72,1753,1463
Product_175,Health,324.36,1752,1201
Product_619,Books,404.07,1751,2169
Product_783,Health,129.64,1751,2095
Product_834,Electronics,92.31,1751,309
Product_106,Books,128.4,1750,1668
Product_99,Books,17.58,1747,1251
Product_945,Toys,107.18,1746,1658
Product_111,Books,148.43,1745,1677
Product_941,Clothing,140.66,1742,1461
Product_314,Sports,481.51,1741,1503
Product_505,Sports,343.94,1737,1927
Product_185,Books,132.68,1736,1227
Product_975,Home & Kitchen,20.44,1736,1914
Product_579,Electronics,248.6,1735,423
Product_584,Sports,167.73,1733,1158
Product_459,Sports,32.87,1727,1541
Product_365,Electronics,471.03,1726,1494
Product_687,Toys,287.95,1726,1459
Product_483,Health,230,1723,2013
Product_832,Health,228.96,1723,939
Product_714,Home & Kitchen,208.86,1722,1677
Product_966,Sports,181.06,1721,1321
Product_130,Books,257.82,1720,781
Product_309,Books,398.62,1720,1268
Product_160,Books,365.47,1718,1996
Product_427,Sports,223.56,1718,913
Product_678,Books,201.94,1718,1784
Product_820,Sports,170.92,1718,1825
Product_572,Toys,392.91,1714,1406
Product_480,Home & Kitchen,263.93,1711,1181
Product_974,Sports,111.4,1711,675
Product_588,Toys,68.8,1710,1027
Product_907,Books,409.63,1709,2431
Product_74,Books,408.65,1708,2342
Product_137,Health,261.8,1708,770
Product_610,Health,346.75,1707,1994
Product_332,Health,380.13,1706,1955
Product_590,Electronics,80.19,1702,1718
Product_253,Clothing,426.31,1701,2196
Product_87,Sports,366.16,1698,1508
Product_765,Home & Kitchen,21.6,1697,2174
Product_797,Home & Kitchen,466.4,1693,1703
Product_104,Home & Kitchen,256.74,1691,360
Product_296,Toys,263.51,1691,1938
Product_409,Health,453.16,1691,2195
Product_948,Toys,450.51,1691,2044
Product_448,Books,377.92,1687,1356
Product_746,Home & Kitchen,450.29,1686,1048
Product_83,Books,168.79,1685,1524
Product_968,Clothing,152.08,1684,1762
Product_518,Electronics,406.22,1683,1186
Product_51,Health,484.94,1678,1159
Product_166,Electronics,418.47,1677,1518
Product_362,Sports,323.43,1677,1745
Product_217,Health,166.07,1676,1890
Product_727,Health,74.19,1676,1938
Product_813,Toys,66.71,1672,1870
Product_586,Health,123.87,1668,1510
Product_730,Health,86.01,1668,2753
Product_882,Books,337.59,1668,661
Product_639,Electronics,138.28,1667,1277
Product_241,Toys,470.53,1666,2065
Product_537,Clothing,425.58,1666,1304
Product_805,Electronics,214.94,1666,1394
Product_891,Toys,362.52,1666,843
Product_193,Health,450.71,1662,509
Product_262,Home & Kitchen,495.08,1659,1400
Product_322,Toys,358.72,1659,1510
Product_939,Clothing,63.29,1659,2283
Product_889,Books,54.22,1658,1427
Product_660,Home & Kitchen,287.54,1656,1162
Product_203,Sports,85.01,1652,1346
Product_854,Electronics,449.54,1652,711
Product_676,Health,491.28,1651,1288
Product_819,Home & Kitchen,32.11,1649,1117
Product_959,Sports,87.31,1642,1105
Product_376,Electronics,162.89,1640,1485
Product_827,Clothing,176.44,1640,415
Product_852,Sports,376.23,1638,2478
Product_900,Electronics,47.33,1637,2532
Product_553,Health,278.19,1635,1809
Product_870,Sports,473.33,1634,1286
Product_875,Toys,17.57,1634,1588
Product_258,Health,349.53,1633,2055
Product_148,Health,253.83,1632,1941
Product_249,Clothing,481.99,1631,2362
Product_922,Sports,246.28,1631,2228
Product_390,Home & Kitchen,404.38,1630,1311
Product_474,Electronics,446.12,1630,1630
Product_686,Clothing,280.6,1629,2034
Product_422,Sports,395.86,1628,738
Product_48,Toys,262.43,1624,1263
Product_292,Toys,23.49,1624,606
Product_340,Electronics,53.43,1622,787
Product_866,Toys,282.02,1621,1334
Product_961,Home & Kitchen,45.99,1620,1818
Product_995,Sports,183.68,1620,2647
Product_317,Sports,207.43,1618,672
Product_570,Electronics,177.39,1617,1614
Product_841,Health,11.48,1617,857
Product_274,Books,457.05,1613,646
Product_373,Health,51.75,1612,2142
Product_928,Toys,273.11,1611,1936
Product_22,Books,74.05,1610,2160
Product_696,Sports,307.26,1610,1416
Product_117,Electronics,402.82,1608,1370
Product_884,Clothing,56.53,1608,1168
Product_935,Electronics,89.98,1608,1243
Product_450,Clothing,46.33,1607,1259
Product_965,Home & Kitchen,147.9,1606,1049
Product_674,Health,264.63,1603,212
Product_996,Home & Kitchen,50.33,1602,1240
Product_381,Clothing,63.49,1597,1216
Product_865,Clothing,203.38,1595,1712
Product_347,Toys,319.37,1594,2007
Product_273,Clothing,434.2,1593,623
Product_38,Sports,53.35,1586,1325
Product_534,Sports,279.94,1586,986
Product_790,Health,473.91,1585,1806
Product_867,Clothing,81.84,1585,1392
Product_62,Home & Kitchen,139.32,1583,505
Product_763,Toys,128,1583,1522
Product_45,Clothing,133.1,1581,1958
Product_764,Clothing,373.25,1581,2173
Product_818,Electronics,202.51,1580,2132
Product_43,Home & Kitchen,22.02,1575,1347
Product_360,Toys,289.86,1574,2342
Product_970,Health,240.64,1573,1593
Product_561,Toys,353.52,1572,2086
Product_5,Books,82.23,1570,1390
Product_415,Sports,317.76,1570,822
Product_66,Clothing,273.63,1569,664
Product_97,Clothing,263.75,1569,1023
Product_777,Toys,118.48,1568,813
Product_615,Toys,437.42,1567,2146
Product_61,Clothing,197.4,1566,566
Product_29,Books,298.25,1565,441
Product_15,Clothing,95,1563,847
Product_792,Books,295.18,1561,1586
Product_958,Electronics,28.25,1559,854
Product_297,Health,386.15,1558,1724
Product_319,Clothing,82.44,1558,966
Product_625,Toys,311.04,1558,993
Product_517,Books,191.35,1557,1952
Product_120,Toys,271.97,1555,1704
Product_446,Toys,473.89,1554,1757
Product_116,Electronics,436.37,1551,1923
Product_287,Sports,235.47,1550,2601
Product_363,Toys,231.84,1550,532
Product_846,Toys,210.24,1549,1091
Product_337,Toys,428.45,1548,1854
Product_471,Clothing,11.02,1548,1199
Product_949,Electronics,437.58,1548,1003
Product_541,Toys,477.26,1546,1900
Product_652,Sports,270.87,1546,625
Product_521,Sports,299.09,1545,1619
Product_131,Clothing,211.62,1544,896
Product_421,Electronics,396.83,1544,1048
Product_960,Sports,370.33,1540,1903
Product_806,Sports,369.54,1537,2023
Product_44,Sports,455.11,1536,1985
Product_366,Electronics,196.12,1536,1820
Product_143,Electronics,251.14,1535,988
Product_670,Clothing,146.12,1532,1371
Product_969,Health,285.37,1530,1867
Product_252,Books,195.62,1525,1414
Product_259,Health,287.18,1523,1724
Product_400,Health,378.5,1522,1376
Product_485,Toys,294.24,1522,1467
Product_793,Clothing,255.41,1519,903
Product_90,Health,238.75,1515,1779
Product_238,Books,17.04,1515,2221
Product_759,Electronics,447.48,1514,1440
Product_510,Books,364.23,1512,1845
Product_724,Health,371.85,1511,1931
Product_377,Sports,423.21,1510,1234
Product_697,Toys,147.87,1509,835
Product_230,Electronics,317.41,1507,538
Product_315,Sports,418.81,1504,1667
Product_393,Toys,189.15,1504,2358
Product_657,Health,145.47,1504,1989
Product_703,Home & Kitchen,171.62,1504,1609
Product_155,Home & Kitchen,492.9,1503,400
Product_638,Health,125.02,1501,1846
Product_888,Toys,122.9,1493,1372
Product_207,Sports,55.23,1492,1814
Product_251,Books,150.75,1492,1045
Product_851,Clothing,38.2,1492,1191
Product_569,Health,452.56,1491,1373
Product_126,Home & Kitchen,216.42,1488,1537
Product_436,Health,351.98,1486,2133
Product_526,Sports,237,1486,2384
Product_637,Toys,268.65,1486,1082
Product_79,Health,182.44,1485,1436
Product_165,Books,49.69,1482,2092
Product_433,Sports,311.02,1482,1414
Product_581,Books,232.27,1482,1878
Product_3,Toys,367.34,1481,1298
Product_1,Clothing,190.4,1480,1234
Product_514,Books,433.7,1480,1568
Product_168,Sports,97.33,1478,1333
Product_307,Toys,260.57,1478,1053
Product_947,Electronics,72.76,1478,1364
Product_184,Home & Kitchen,439.28,1477,1296
Product_798,Health,284.74,1472,2011
Product_98,Home & Kitchen,216.63,1470,1817
Product_511,Toys,308.64,1468,918
Product_28,Toys,259.55,1466,1501
Product_496,Health,179.91,1465,1172
Product_39,Home & Kitchen,343.7,1464,405
Product_336,Toys,25.16,1464,2015
Product_248,Health,483.49,1463,1448
Product_430,Health,62.95,1463,658
Product_484,Home & Kitchen,315.64,1463,174
Product_858,Clothing,238.67,1460,1194
Product_893,Health,415.96,1459,1069
Product_235,Home & Kitchen,101.65,1458,1108
Product_380,Clothing,144.52,1458,1498
Product_829,Sports,370.06,1456,1082
Product_182,Clothing,61.17,1455,1267
Product_976,Electronics,134.82,1455,1414
Product_453,Home & Kitchen,214.99,1454,979
Product_345,Books,202.26,1452,1698
Product_458,Home & Kitchen,236.99,1451,1236
Product_582,Books,490.12,1451,1374
Product_404,Home & Kitchen,414.1,1450,1474
Product_138,Electronics,352.99,1448,1388
Product_932,Toys,418.29,1447,1034
Product_981,Sports,170.45,1447,1579
Product_76,Toys,365.86,1441,1017
Product_556,Home & Kitchen,204.72,1440,1678
Product_762,Sports,159.3,1439,2371
Product_920,Toys,74.36,1436,1735
Product_754,Books,170.78,1435,797
Product_489,Home & Kitchen,475.45,1433,1401
Product_921,Books,434.89,1433,1057
Product_387,Sports,144.61,1432,1381
Product_711,Clothing,381.31,1431,1913
Product_399,Books,376.68,1427,2133
Product_330,Sports,127.63,1426,1381
Product_677,Clothing,60.46,1426,1913
Product_86,Sports,165.97,1425,1817
Product_644,Home & Kitchen,167.11,1425,1600
Product_293,Electronics,412.19,1423,2456
Product_667,Clothing,126.75,1420,2012
Product_719,Health,66.53,1412,956
Product_745,Electronics,119.95,1411,1208
Product_321,Toys,276.87,1410,1375
Product_300,Sports,47.25,1409,1499
Product_313,Toys,17.55,1409,1371
Product_431,Books,75.78,1408,1899
Product_557,Clothing,71.34,1408,1478
Product_709,Books,131.05,1407,1918
Product_620,Clothing,375.39,1406,1065
Product_768,Clothing,439,1406,1041
Product_434,Clothing,55.06,1403,1940
Product_839,Home & Kitchen,292.39,1403,1699
Product_234,Health,248.8,1401,1536
Product_482,Electronics,349.4,1401,2291
Product_733,Books,334.27,1401,1499
Product_437,Books,41.02,1398,1600
Product_115,Sports,318.53,1397,2192
Product_672,Sports,448.9,1396,1990
Product_782,Clothing,273.65,1395,2040
Product_343,Toys,90.73,1394,579
Product_890,Home & Kitchen,125.37,1394,518
Product_551,Books,262.48,1392,1039
Product_312,Health,43.84,1391,1575
Product_756,Health,398.04,1391,1047
Product_289,Books,146.84,1390,812
Product_84,Home & Kitchen,36.46,1387,1816
Product_201,Books,322.81,1381,2107
Product_871,Home & Kitchen,189.79,1381,1197
Product_440,Electronics,45.27,1379,2582
Product_23,Books,149.61,1376,1384
Product_545,Sports,310.97,1374,1266
Product_498,Books,43.48,1371,814
Product_916,Toys,220.88,1370,1642
Product_302,Books,268.02,1369,984
Product_149,Books,30.48,1367,1244
Product_261,Clothing,309.43,1366,1015
Product_908,Home & Kitchen,174.2,1366,1487
Product_555,Electronics,438.94,1364,1912
Product_596,Books,239.61,1364,914
Product_779,Clothing,361.42,1364,2342
Product_785,Electronics,94.89,1364,1564
Product_89,Toys,444.17,1363,1889
Product_342,Books,239.37,1363,1090
Product_530,Books,433.04,1363,857
Product_751,Home & Kitchen,62.86,1363,1194
Product_133,Toys,64.33,1362,2057
Product_533,Electronics,498.34,1361,1877
Product_688,Clothing,143.59,1359,1339
Product_284,Books,51.52,1358,1173
Product_784,Toys,176.12,1358,1902
Product_72,Toys,103.36,1351,2652
Product_802,Clothing,80.51,1351,1959
Product_627,Electronics,233.95,1349,883
Product_633,Electronics,258.28,1348,1831
Product_67,Home & Kitchen,74.76,1346,1164
Product_93,Books,381.59,1345,1792
Product_151,Sports,454.59,1345,1423
Product_878,Clothing,331.17,1345,2358
Product_617,Electronics,35.23,1342,2085
Product_636,Home & Kitchen,226.47,1342,1021
Product_426,Sports,277.02,1340,1163
Product_156,Electronics,124.82,1338,911
Product_256,Toys,280.62,1338,1253
Product_799,Clothing,349.84,1337,1234
Product_830,Sports,228.85,1337,1578
Product_538,Health,127.44,1336,1574
Product_814,Books,460.82,1335,1245
Product_954,Health,457.63,1333,1732
Product_815,Health,435.6,1332,912
Product_722,Clothing,94.71,1329,1403
Product_743,Health,375.07,1329,1404
Product_82,Clothing,313.53,1325,1263
Product_726,Sports,421.71,1324,1376
Product_522,Health,193.54,1321,1490
Product_334,Health,62.46,1316,1386
Product_416,Electronics,226.98,1313,2205
Product_769,Toys,174.33,1312,1970
Product_811,Health,492.5,1312,2266
Product_206,Books,9.55,1309,1955
Product_200,Sports,391.04,1307,1014
Product_411,Health,163.06,1303,887
Product_549,Health,262.55,1302,1369
Product_195,Clothing,172.82,1301,1556
Product_606,Toys,233.09,1298,1426
Product_679,Clothing,484.89,1295,2025
Product_914,Electronics,207.66,1294,2420
Product_477,Books,41.53,1293,793
Product_885,Books,400.96,1293,1284
Product_859,Toys,284.6,1291,1041
Product_646,Electronics,445.81,1290,1234
Product_420,Electronics,377.43,1284,1091
Product_573,Health,201.29,1284,1651
Product_413,Health,475.55,1283,1893
Product_432,Books,381.95,1282,2413
Product_159,Clothing,122.63,1281,920
Product_228,Sports,199.58,1280,2147
Product_664,Books,122.43,1280,1236
Product_731,Toys,86.31,1274,771
Product_102,Electronics,320.02,1272,1110
Product_492,Health,311.97,1271,1595
Product_662,Books,493.33,1270,2242
Product_626,Electronics,187.61,1269,2067
Product_279,Toys,352.47,1268,2365
Product_565,Health,178.54,1268,1073
Product_836,Toys,212.37,1268,1155
Product_298,Health,111.83,1267,1443
Product_531,Clothing,407.39,1264,2605
Product_351,Clothing,254.05,1261,1950
Product_212,Health,347.49,1260,418
Product_956,Clothing,194.65,1259,1784
Product_285,Health,291.25,1256,1886
Product_21,Clothing,307.87,1255,291
Product_407,Home & Kitchen,197.65,1254,1233
Product_305,Books,364.42,1253,1595
Product_237,Sports,143.98,1252,2865
Product_608,Toys,185.31,1250,1859
Product_68,Books,402.09,1248,1425
Product_567,Sports,199.16,1246,1522
Product_898,Toys,448.69,1244,1147
Product_548,Clothing,337.43,1239,1597
Product_860,Home & Kitchen,37.53,1237,1577
Product_577,Toys,77.8,1236,1273
Product_157,Electronics,337.71,1235,2568
Product_989,Electronics,126.97,1233,881
Product_899,Clothing,11.44,1232,1900
Product_668,Home & Kitchen,84.54,1230,1471
Product_41,Toys,65.41,1229,2330
Product_358,Toys,294.96,1229,909
Product_721,Toys,469.48,1229,1379
Product_883,Clothing,14.76,1228,1960
Product_559,Electronics,378.79,1227,1915
Product_141,Books,481.41,1226,1848
Product_613,Books,315.81,1225,1762
Product_122,Home & Kitchen,448.57,1224,698
Product_335,Health,27.77,1223,1988
Product_125,Sports,117.83,1219,1401
Product_470,Sports,481.8,1219,1446
Product_824,Health,202.09,1219,982
Product_173,Toys,258.49,1218,1331
Product_643,Electronics,109.67,1218,1803
Product_288,Sports,273.61,1217,1799
Product_894,Toys,201.61,1217,922
Product_18,Home & Kitchen,264.75,1216,1683
Product_546,Toys,182.29,1216,1826
Product_513,Clothing,466.7,1215,816
Product_864,Clothing,223.18,1208,1346
Product_795,Books,13.96,1206,1025
Product_844,Electronics,480.73,1205,1606
Product_847,Books,47.25,1204,1714
Product_807,Toys,467.51,1203,1572
Product_264,Toys,261.57,1202,894
Product_789,Home & Kitchen,233.69,1201,1713
Product_412,Health,475.28,1200,1056
Product_65,Health,144.06,1199,1675
Product_503,Health,158.22,1199,2038
Product_190,Toys,124.72,1196,1975
Product_392,Toys,209.25,1196,2050
Product_132,Clothing,114.94,1191,1352
Product_290,Sports,297.46,1191,1955
Product_357,Electronics,18.12,1190,2494
Product_439,Books,354.59,1189,349
Product_497,Sports,293.91,1186,2067
Product_550,Sports,387.3,1183,1633
Product_904,Home & Kitchen,293.61,1175,1676
Product_911,Electronics,297.2,1175,876
Product_142,Toys,129.63,1174,1688
Product_119,Books,446.82,1173,2101
Product_389,Health,376.55,1173,1692
Product_81,Sports,432.24,1170,1899
Product_368,Sports,453.15,1169,2070
Product_403,Health,255.1,1166,1038
Product_136,Home & Kitchen,164.99,1163,770
Product_663,Health,304.86,1163,925
Product_101,Sports,20.56,1162,1254
Product_622,Clothing,108.63,1159,1387
Product_816,Health,261.82,1159,1651
Product_887,Books,328.11,1158,426
Product_280,Toys,398.92,1155,1847
Product_982,Sports,386.6,1154,2073
Product_105,Health,454.25,1148,1659
Product_987,Toys,345.76,1147,2159
Product_410,Clothing,50.19,1146,628
Product_535,Toys,385.65,1146,1949
Product_398,Toys,217.35,1145,1306
Product_600,Books,25.23,1144,2462
Product_9,Electronics,302.55,1141,2210
Product_316,Health,349.51,1141,1442
Product_554,Home & Kitchen,282.66,1141,2140
Product_993,Home & Kitchen,139.71,1136,679
Product_31,Health,305.73,1134,1371
Product_50,Health,96.5,1134,1529
Product_906,Electronics,446.87,1130,1175
Product_707,Sports,164.57,1128,1122
Product_624,Books,244.84,1126,2050
Product_791,Sports,80.91,1125,2760
Product_781,Sports,348.5,1123,1783
Product_988,Clothing,220.24,1122,1549
Product_37,Home & Kitchen,155.78,1121,1178
Product_140,Toys,486.03,1121,2487
Product_418,Clothing,167.69,1120,1457
Product_612,Health,400.71,1119,1498
Product_616,Toys,460.83,1114,1920
Product_661,Home & Kitchen,181.27,1113,628
Product_849,Sports,253.59,1113,794
Product_13,Electronics,417.06,1111,1942
Product_320,Home & Kitchen,128.87,1111,1503
Product_665,Books,55.38,1110,633
Product_35,Clothing,482.99,1109,1020
Product_879,Health,18.41,1109,1254
Product_753,Clothing,315.72,1105,2139
Product_179,Sports,468.68,1104,779
Product_901,Sports,107.9,1103,944
Product_925,Toys,215.48,1102,2154
Product_233,Health,290.57,1097,2432
Product_382,Sports,349.88,1097,1803
Product_146,Toys,23.26,1095,2242
Product_328,Home & Kitchen,307.8,1095,1229
Product_318,Sports,90.78,1094,565
Product_614,Toys,45.47,1094,2635
Product_842,Books,333.45,1094,1509
Product_912,Home & Kitchen,137.69,1093,1782
Product_803,Electronics,290.26,1092,873
Product_706,Toys,495.03,1091,1730
Product_354,Clothing,85.65,1089,1558
Product_589,Home & Kitchen,68.38,1089,2016
Product_681,Sports,409.45,1088,2209
Product_424,Books,249.74,1087,975
Product_977,Toys,299.56,1080,1432
Product_964,Books,197.7,1079,1651
Product_728,Home & Kitchen,398.66,1077,1223
Product_838,Clothing,184.38,1075,1222
Product_308,Health,164.86,1073,1087
Product_77,Home & Kitchen,386.78,1071,1322
Product_216,Books,122.44,1069,1278
Product_8,Electronics,433.76,1068,1433
Product_682,Home & Kitchen,132.66,1068,2141
Product_170,Clothing,297.49,1067,1480
Product_500,Books,493.17,1066,1058
Product_998,Sports,72.73,1065,1488
Product_73,Health,7.73,1064,2098
Product_161,Home & Kitchen,187.05,1064,2304
Product_732,Health,408.21,1064,2108
Product_593,Home & Kitchen,95.03,1062,788
Product_384,Books,439.35,1061,1591
Product_648,Sports,341.16,1058,1558
Product_208,Health,333.43,1056,1920
Product_650,Sports,251.73,1055,1377
Product_800,Health,461.64,1055,526
Product_379,Home & Kitchen,408.16,1054,1821
Product_118,Sports,97.35,1053,1467
Product_594,Health,176.11,1047,1529
Product_524,Health,421.85,1046,1686
Product_47,Sports,159.3,1043,1656
Product_246,Sports,464.52,1043,2492
Product_669,Electronics,97.35,1043,801
Product_787,Books,293.78,1040,1862
Product_635,Electronics,58.05,1033,1671
Product_408,Home & Kitchen,10.36,1032,1644
Product_164,Clothing,270.21,1031,2447
Product_599,Home & Kitchen,100.18,1031,1063
Product_527,Toys,210.34,1025,1296
Product_177,Home & Kitchen,347.01,1024,1748
Product_386,Home & Kitchen,402.72,1024,1647
Product_491,Clothing,230.55,1021,1926
Product_673,Sports,44.72,1018,2004
Product_223,Toys,51.37,1015,1851
Product_654,Sports,373.99,1014,2275
Product_742,Electronics,154.18,1013,2011
Product_4,Toys,301.34,1011,1606
Product_49,Health,275.62,1009,1019
Product_529,Toys,32.91,1009,1459
Product_587,Books,42.55,1009,1443
Product_58,Health,102.01,1006,2219
Product_341,Electronics,248.35,1006,1577
Product_837,Home & Kitchen,457.85,1006,2223
Product_780,Toys,322.37,1001,2031
Product_923,Home & Kitchen,447.8,1000,2211
Product_465,Clothing,481.28,994,2061
Product_33,Clothing,37.2,993,852
Product_647,Toys,298.83,993,1046
Product_950,Electronics,300.72,993,502
Product_283,Sports,190.91,992,1015
Product_124,Sports,59.48,991,2038
Product_92,Electronics,358.06,983,808
Product_96,Books,249.43,979,1267
Product_575,Sports,431.87,978,1600
Product_704,Sports,71.54,977,1665
Product_913,Home & Kitchen,313.95,977,1376
Product_46,Home & Kitchen,332.95,973,1690
Product_7,Electronics,33.75,971,1221
Product_134,Home & Kitchen,172.12,971,1646
Product_809,Toys,228.17,971,1803
Product_952,Books,334.19,968,1720
Product_808,Electronics,463.16,964,1008
Product_715,Clothing,177.69,963,1385
Product_468,Health,434.96,961,741
Product_876,Toys,82.3,957,803
Product_464,Sports,293.77,955,1443
Product_794,Sports,307.67,954,1455
Product_895,Electronics,335.7,953,2244
Product_486,Electronics,451.07,949,1799
Product_598,Sports,90.3,944,1257
Product_826,Health,460.33,942,1950
Product_467,Clothing,146.43,939,1752
Product_680,Clothing,433.43,936,1375
Product_57,Clothing,48.8,935,1142
Product_355,Clothing,39.93,932,1405
Product_16,Books,95.79,931,1071
Product_323,Sports,331.8,925,794
Product_723,Sports,37.92,922,1942
Product_741,Home & Kitchen,234.03,922,2052
Product_845,Books,78.59,922,1452
Product_191,Home & Kitchen,51.09,916,2367
Product_34,Toys,474.7,910,1789
Product_19,Books,218.81,908,1864
Product_60,Health,166.04,907,1738
Product_145,Electronics,146,907,1231
Product_641,Sports,14.94,907,2151
Product_107,Books,208.14,906,2270
Product_188,Books,279.82,904,1714
Product_457,Home & Kitchen,10.62,900,1082
Product_495,Electronics,234.53,900,1925
Product_406,Home & Kitchen,448.28,895,2170
Product_139,Books,185,893,1659
Product_383,Sports,316.33,890,414
Product_843,Electronics,93.13,890,1196
Product_109,Home & Kitchen,118.26,888,1113
Product_219,Books,326.57,888,2258
Product_25,Clothing,230.75,885,1037
Product_329,Sports,212.7,883,2405
Product_295,Books,67.89,880,2365
Product_294,Clothing,183.29,876,1453
Product_778,Books,362.52,874,953
Product_718,Health,482.69,869,839
Product_214,Toys,116.01,862,1330
Product_953,Books,91.81,859,1337
Product_896,Electronics,106.47,852,1712
Product_281,Home & Kitchen,445.55,851,1568
Product_472,Sports,485.09,850,1376
Product_767,Health,382.42,850,1710
Product_609,Books,254.19,849,1678
Product_642,Electronics,164.43,847,1173
Product_985,Books,365.45,845,1329
Product_268,Electronics,352.73,844,1378
Product_443,Sports,190.26,843,871
Product_611,Books,24.46,840,1470
Product_512,Electronics,212.03,839,1244
Product_897,Books,150.11,836,2387
Product_162,Toys,317.99,833,2174
Product_770,Toys,411.52,833,1722
Product_346,Sports,309.85,825,1177
Product_857,Health,23.09,824,1980
Product_303,Electronics,272.61,823,938
Product_692,Toys,215.59,823,1011
Product_725,Sports,289.36,823,1818
Product_236,Sports,362.61,822,1159
Product_226,Toys,125.77,818,1983
Product_85,Books,158.94,816,2205
Product_91,Clothing,64.2,814,899
Product_544,Clothing,337.49,809,1489
Product_210,Sports,84.6,808,1519
Product_603,Electronics,92.62,808,1567
Product_14,Books,110.11,805,1252
Product_375,Sports,40.24,804,1419
Product_978,Sports,30.46,804,1870
Product_563,Toys,72.5,802,1492
Product_869,Toys,431.58,802,2478
Product_708,Books,405.89,801,1560
Product_774,Toys,201.66,793,1992
Product_6,Toys,82.22,789,1607
Product_429,Electronics,178.7,788,1420
Product_263,Health,74.34,783,2011
Product_211,Health,276.62,782,758
Product_282,Books,172.31,777,1422
Product_558,Toys,19.25,777,1571
Product_738,Toys,409.22,775,1693
Product_108,Books,379,774,1654
Product_690,Electronics,97.59,774,2205
Product_979,Clothing,250.7,772,869
Product_353,Home & Kitchen,331.05,767,1065
Product_700,Clothing,243.16,766,1561
Product_181,Health,173.83,764,951
Product_957,Books,261.86,760,1607
Product_260,Toys,53.1,758,1044
Product_984,Home & Kitchen,42.19,757,1531
Product_469,Sports,115.68,751,1792
Product_435,Home & Kitchen,46.63,750,1567
Product_272,Books,406.01,745,2128
Product_494,Sports,98.12,742,1356
Product_994,Home & Kitchen,297.16,737,810
Product_352,Toys,428.96,733,1182
Product_804,Toys,305.32,733,1301
Product_10,Clothing,355.5,730,888
Product_536,Health,472.66,718,1040
Product_204,Clothing,449.78,702,1176
Product_930,Health,132.65,702,1498
Product_59,Books,27.39,701,1790
Product_153,Books,76.72,701,1277
Product_509,Sports,475.15,700,1884
Product_929,Clothing,318.57,699,719
Product_881,Clothing,119.38,695,741
Product_903,Sports,94.81,687,1708
Product_786,Books,454.68,686,502
Product_980,Home & Kitchen,300.44,686,1833
Product_356,Sports,323,680,2149
Product_653,Electronics,295.49,680,1327
Product_504,Clothing,407.83,675,1962
Product_671,Books,90.82,673,1564
Product_710,Clothing,342.34,673,1245
Product_773,Sports,68.11,670,1327
Product_801,Sports,355.08,659,1415
Product_95,Electronics,386.63,655,827
Product_868,Clothing,95.05,634,2250
Product_30,Books,27.99,627,1960
Product_592,Clothing,322.23,625,661
Product_123,Health,162.41,618,640
Product_150,Electronics,142.93,614,1075
Product_221,Home & Kitchen,330.52,607,1232
Product_385,Sports,368.86,586,1707
Product_720,Electronics,366.78,558,1149
Product_402,Toys,451.76,557,1268
Product_910,Clothing,192.95,522,1406
Product_562,Electronics,110.42,520,2144
Product_571,Books,259.42,517,2289
Product_52,Clothing,388.69,515,2164
Product_666,Home & Kitchen,80.67,511,984
Product_428,Books,444.41,508,2008
Product_645,Electronics,64.28,471,1893
Product_88,Health,320.59,457,1988
Product_269,Sports,182.95,456,1641
Product_267,Toys,350.02,452,574
Product_717,Sports,416.16,452,1607
Product_349,Clothing,190.43,434,1604
Product_649,Home & Kitchen,395.64,427,1986
Product_873,Sports,323.78,415,1656
Product_601,Clothing,88.62,395,1112
Product_872,Health,139.02,382,1552
Product_955,Books,212.29,363,1238
Product_278,Clothing,326.73,287,298
Product_691,Sports,165.22,228,2358
Product_997,Home & Kitchen,459.07,226,1398
Product_11,Toys,15.19,206,1056
Product_623,Health,188.38,166,1961
